<?xml version="1.0" encoding="UTF-8"?>
<Configuration status="WARN" monitorInterval="30">
    <Properties>
        <Property name="LOG_PATTERN">
            %d{yyyy-MM-dd HH:mm:ss.SSS} %5p ${hostName} --- [%15.15t] %-40.40c{1.} : %m%n%ex
        </Property>
    </Properties>
    <Appenders>
        <Console name="ConsoleAppender" target="SYSTEM_OUT" follow="true">
            <PatternLayout pattern="${LOG_PATTERN}"/>
        </Console>
    </Appenders>
    <Loggers>
        <Logger name="com.example.log4j2demo" level="debug" additivity="false">
            <AppenderRef ref="ConsoleAppender" />
        </Logger>

        <Root level="info">
            <AppenderRef ref="ConsoleAppender" />
        </Root>
    </Loggers>
    
    <RollingFile name="FileAppender" fileName="E:/EMART/log4j2-demo.log" 
             filePattern="E:/EMART/log4j2-demo-%d{yyyy-MM-dd}-%i.log">
    <PatternLayout>
       
    </PatternLayout>
    <Policies>
        <SizeBasedTriggeringPolicy size="10MB" />
    </Policies>
    <DefaultRolloverStrategy max="10"/>
</RollingFile>

</Configuration>